url_path,views_total,views_unique
/jongpie/NebulaQueryAndSearch,48,25
/jongpie/NebulaQueryAndSearch/tree/main/nebula-query-and-search/main/classes,29,7
/jongpie/NebulaQueryAndSearch/tree/main/nebula-query-and-search,29,6
/jongpie/NebulaQueryAndSearch/blob/main/nebula-query-and-search/main/classes/Query.cls,12,3
/jongpie/NebulaQueryAndSearch/issues,8,4
/jongpie/NebulaQueryAndSearch/tree/main/docs/apex,7,3
/jongpie/NebulaQueryAndSearch/tree/main/docs/apex/SOQL-Queries,7,3
/jongpie/NebulaQueryAndSearch/blob/main/nebula-query-and-search/main/classes/SOQL.cls,6,2
/jongpie/NebulaQueryAndSearch/tree/main/scripts,5,2
/jongpie/NebulaQueryAndSearch/blob/main/docs/apex/SOQL-Queries/Query.md,4,2
